avgTemp,minTemp,naxTemp,rainFall,-1dayPrice,avgPrice
5.6,0.5,11.4,0.1,2580,2600
3.8,-0.8,9.8,0.5,2640,2580
3.8,-1.2,10.6,0.5,2560,2640
4.4,-0.6,8.7,4.0,2520,2560
5.3,1.0,10.7,0.5,2520,2520
4.2,-1.1,9.6,2.1,2520,2520
7.2,4.0,11.9,2.2,2520,2520
4.4,-0.3,8.0,0.4,2450,2520
0.6,-2.7,4.8,0.0,2450,2450
-1.5,-5.8,2.9,0.1,2430,2450
0.9,-3.3,5.8,0.2,2270,2430
-1.9,-5.6,3.0,0.4,2320,2270
-4.7,-7.6,-1.5,0.8,2320,2320
-4.5,-10.3,1.8,1.5,2320,2320
-2.8,-8.4,4.4,2.0,2270,2320
-1.4,-7.5,5.9,0.1,2270,2270
0.7,-4.2,6.0,0.0,2270,2270
0.3,-4.7,6.8,1.2,2270,2270
-1.6,-5.2,1.6,3.3,2480,2270
-2.5,-7.9,2.0,0.7,2480,2480
-3.4,-6.7,0.3,0.8,2480,2480
-5.6,-9.6,-0.9,2.0,2500,2480
-4.5,-9.7,1.6,0.7,2540,2500
-3.5,-9.4,3.4,0.0,2540,2540
-0.7,-9.0,6.9,1.0,2500,2540
1.7,-3.5,6.7,1.3,2500,2500
0.8,-7.0,8.5,0.0,2500,2500
3.6,1.2,6.2,4.1,2500,2500
-0.8,-5.3,3.6,1.3,2500,2500
-2.6,-8.3,3.8,3.0,2500,2500
-1.0,-5.1,4.3,0.0,2500,2500
-0.6,-7.2,6.2,0.0,2480,2500
1.9,-3.9,8.6,0.0,2480,2480
4.2,-1.9,10.0,2.1,2480,2480
4.4,2.0,7.7,1.7,2480,2480
0.9,-2.5,4.7,5.1,2440,2480
0.2,-4.5,6.4,0.0,2400,2440
1.0,-3.5,5.4,0.4,2400,2400
-2.0,-5.0,1.4,0.6,2400,2400
-3.9,-6.6,-0.4,3.2,2400,2400
-2.7,-7.3,1.8,1.1,2400,2400
-0.6,-5.9,5.4,0.6,2400,2400
1.1,-5.9,7.4,0.4,2440,2400
1.7,-3.3,7.6,0.4,2460,2440
2.4,-5.1,11.0,0.0,2460,2460
7.2,-2.7,14.3,1.8,2460,2460
5.8,-0.8,12.1,1.8,2460,2460
0.1,-4.3,5.1,5.0,2460,2460
3.6,-4.9,10.0,1.9,2460,2460
3.2,-2.8,9.9,5.4,2680,2460
0.9,-5.9,8.1,0.0,2680,2680
3.8,0.4,6.2,17.5,2700,2680
1.6,-1.8,5.1,1.7,2640,2700
0.7,-4.4,6.0,0.2,2720,2640
3.1,-2.7,9.2,0.0,2720,2720
3.3,-2.0,9.8,0.5,2720,2720
3.7,-2.3,11.0,0.5,2740,2720
4.9,-2.3,12.9,0.1,2720,2740
6.2,0.7,12.7,2.4,2720,2720
3.1,-0.7,6.8,2.3,2840,2720
3.9,-3.1,11.6,0.0,2860,2840
5.6,-0.8,13.6,0.0,2860,2860
6.2,-0.2,13.8,0.5,2860,2860
2.9,-1.0,7.0,1.0,3180,2860
0.2,-3.1,4.5,0.9,3080,3180
1.4,-3.6,6.2,0.4,3080,3080
5.0,-1.5,11.1,0.3,3040,3080
5.4,-1.2,12.7,0.9,3020,3040
6.5,-2.1,15.9,0.0,3020,3020
8.5,0.2,16.3,0.2,3020,3020
7.7,2.6,13.5,1.4,2980,3020
5.4,0.6,11.3,1.8,2920,2980
4.7,-1.7,12.0,0.1,2780,2920
5.5,-1.3,12.9,0.0,2860,2780
6.8,-1.2,15.4,0.0,2800,2860
8.2,2.2,16.4,0.0,2800,2800
9.0,0.7,17.9,0.0,2800,2800
8.2,2.1,13.7,5.4,2680,2800
7.0,2.3,12.3,1.8,2760,2680
6.8,-0.5,13.8,0.0,2820,2760
8.4,3.5,14.8,1.6,2780,2820
7.7,2.2,13.1,0.2,2780,2780
6.3,3.7,9.7,6.4,2780,2780
6.0,2.6,10.7,2.1,2780,2780
5.9,2.3,10.8,1.3,2700,2780
7.2,0.6,13.6,1.4,2620,2700
8.4,3.9,13.6,2.1,2660,2620
10.3,2.8,18.1,0.0,2800,2660
8.5,6.1,12.0,4.1,2740,2800
7.5,4.0,12.3,3.9,2740,2740
8.1,1.6,15.1,1.2,2740,2740
11.3,2.6,20.1,0.0,2650,2740
13.1,3.8,21.5,0.0,2480,2650
13.2,10.0,16.1,17.9,2480,2480
13.6,10.5,16.7,15.6,2520,2480
14.1,8.4,21.8,0.0,2480,2520
14.7,8.1,22.9,0.2,2480,2480
13.2,9.0,18.1,1.3,2480,2480
13.2,8.1,19.2,0.6,2440,2480
12.0,8.3,18.0,11.9,2440,2440
12.0,6.9,17.6,0.1,2420,2440
12.9,4.5,19.9,0.0,2320,2420
14.6,8.2,20.2,1.2,2260,2320
17.2,11.1,24.3,0.5,2260,2260
17.5,10.1,26.2,0.0,2260,2260
13.6,10.6,17.3,16.4,2140,2260
13.2,8.5,19.9,4.0,2100,2140
13.2,7.4,19.3,0.0,2100,2100
12.4,8.7,17.6,0.9,1960,2100
12.9,7.0,19.8,0.7,1960,1960
12.8,6.9,19.7,1.0,1960,1960
13.8,5.9,21.6,0.0,1960,1960
14.9,6.3,22.3,0.0,1740,1960
16.8,11.1,22.1,1.7,1680,1740
14.6,9.9,19.6,2.2,1680,1680
12.8,6.2,19.1,0.0,1550,1680
15.0,6.1,23.0,0.0,1550,1550
16.9,8.1,24.8,0.0,1550,1550
19.5,11.5,27.2,0.0,1550,1550
17.7,11.2,25.1,0.0,1550,1550
16.8,9.4,24.6,0.0,1620,1550
18.2,9.3,26.9,0.0,1620,1620
18.9,11.1,26.2,1.3,1760,1620
19.4,15.4,24.6,5.4,1760,1760
16.4,11.0,22.3,0.0,1760,1760
17.1,9.1,24.5,0.0,1760,1760
18.0,10.2,24.7,0.1,1740,1760
14.7,12.7,18.8,11.0,1740,1740
15.4,12.5,19.7,1.2,1760,1740
18.8,12.2,25.7,0.7,1680,1760
17.8,14.2,21.7,3.8,1680,1680
17.4,12.3,24.3,5.5,1680,1680
16.5,11.0,22.4,0.0,1680,1680
15.8,10.0,21.4,0.0,1660,1680
16.3,10.8,22.2,0.1,1620,1660
17.2,10.8,24.5,2.4,1600,1620
19.4,11.3,27.0,0.0,1600,1600
21.1,13.2,29.0,0.0,1600,1600
20.6,13.3,28.2,0.0,1600,1600
20.4,13.5,27.7,0.0,1600,1600
20.0,12.9,27.4,0.0,1630,1600
19.4,13.5,25.3,4.2,1630,1630
19.6,15.8,25.1,4.7,1630,1630
19.4,13.2,27.4,0.1,1540,1630
15.9,10.6,21.5,0.9,1580,1540
17.3,9.8,24.8,0.3,1580,1580
20.2,11.6,27.7,0.0,1580,1580
23.1,16.2,30.5,0.0,1580,1580
22.7,16.0,30.2,0.0,1580,1580
21.4,16.3,27.5,4.6,1500,1580
20.7,15.9,26.9,6.4,1500,1500
18.7,12.2,25.3,0.1,1500,1500
19.0,13.9,24.9,0.4,1500,1500
19.3,11.4,26.8,1.5,1500,1500
20.1,12.9,27.3,0.0,1500,1500
17.7,14.5,21.7,11.3,1500,1500
18.2,15.8,21.0,6.2,1460,1500
20.3,15.6,26.3,0.0,1460,1460
21.8,15.2,28.3,1.3,1400,1460
21.0,16.1,26.6,0.8,1400,1400
20.2,14.2,27.0,1.8,1400,1400
19.3,14.5,24.7,0.1,1410,1400
19.0,14.4,25.3,3.0,1410,1410
20.5,14.1,27.1,0.1,1400,1410
22.4,15.7,29.8,0.3,1390,1400
22.0,16.2,28.5,0.1,1390,1390
22.2,16.0,29.2,0.0,1390,1390
23.1,16.0,31.1,4.5,1390,1390
23.9,16.7,31.3,0.0,1370,1390
22.8,17.7,28.1,6.5,1420,1370
23.1,18.5,29.0,0.5,1360,1420
23.7,18.0,30.1,0.0,1280,1360
24.3,18.3,31.1,1.0,1280,1280
23.0,19.0,28.9,2.7,1280,1280
22.6,18.9,27.9,10.8,1280,1280
22.2,19.5,26.7,11.3,1290,1280
23.0,19.4,28.0,4.0,1390,1290
23.9,19.5,29.7,5.4,1390,1390
23.6,20.2,28.1,11.9,1390,1390
24.9,20.5,30.0,0.9,1390,1390
25.2,22.4,28.9,4.1,1390,1390
25.4,23.3,28.5,23.8,1390,1390
25.4,23.5,28.8,28.9,1450,1390
25.3,22.9,29.8,23.0,1520,1450
25.8,22.4,30.9,8.9,1440,1520
25.3,21.9,30.2,18.4,1380,1440
25.7,22.8,28.9,4.9,1320,1380
25.5,23.2,28.6,24.1,1320,1320
26.8,23.2,31.6,8.3,1320,1320
26.0,24.0,28.2,24.4,1320,1320
26.1,22.9,30.2,6.2,1320,1320
26.9,22.6,32.3,0.1,1310,1320
26.8,22.0,32.6,0.1,1310,1310
26.6,22.8,32.7,8.7,1350,1310
25.5,23.2,28.5,22.8,1350,1350
26.6,23.8,30.4,33.6,1350,1350
26.3,23.4,30.5,8.3,1430,1350
25.9,22.9,29.9,5.2,1470,1430
27.3,23.3,32.7,2.4,1470,1470
28.2,23.6,33.4,0.1,1430,1470
29.1,25.3,33.8,2.8,1430,1430
27.8,24.9,32.2,10.3,1430,1430
26.9,24.5,29.6,18.6,1430,1430
27.3,25.0,31.2,10.7,1410,1430
26.7,23.9,31.1,14.5,1470,1410
25.9,21.8,30.7,10.8,1590,1470
25.4,20.3,31.0,1.7,1650,1590
25.9,22.0,30.1,16.3,1650,1650
25.4,23.4,28.6,8.4,1650,1650
26.1,23.0,30.6,2.5,1650,1650
24.9,23.1,27.5,19.4,1630,1650
26.7,22.9,32.0,3.7,1610,1630
27.1,23.7,32.0,2.8,1610,1610
27.1,22.8,32.0,0.0,1750,1610
28.3,23.4,33.8,0.6,1810,1750
29.4,24.6,35.0,2.0,1810,1810
29.3,25.0,34.8,5.5,1810,1810
28.5,24.7,33.8,2.9,1870,1810
27.3,23.3,32.2,2.3,1800,1870
25.6,23.5,28.7,13.6,1860,1800
25.7,23.5,29.3,19.0,1900,1860
25.8,22.3,31.1,14.0,1980,1900
25.4,21.7,30.2,5.1,1980,1980
23.9,21.4,26.7,5.4,1980,1980
23.1,21.4,25.3,39.1,2100,1980
23.3,21.7,25.4,25.8,2100,2100
24.5,22.1,28.3,6.5,2270,2100
24.5,21.7,28.8,6.5,2270,2270
24.9,21.6,29.8,9.3,2380,2270
24.8,21.8,29.0,8.1,2380,2380
24.7,22.5,27.8,24.9,2380,2380
25.3,22.9,29.4,26.4,2360,2380
26.6,23.5,31.2,10.8,2360,2360
27.6,24.2,31.8,13.5,2320,2360
27.8,24.7,31.4,17.1,2340,2320
25.8,21.2,31.2,12.4,2300,2340
23.1,17.9,29.5,0.0,2300,2300
22.3,16.5,28.5,0.0,2300,2300
23.6,18.4,28.7,12.2,2280,2300
22.4,18.2,27.1,3.6,2280,2280
19.8,16.7,24.2,0.1,2360,2280
21.1,15.6,27.2,0.0,2320,2360
21.2,16.1,27.5,0.2,2320,2320
20.5,15.2,26.2,0.0,2320,2320
21.2,15.2,27.8,0.0,2320,2320
21.7,17.1,27.5,2.2,2320,2320
20.7,18.0,23.5,1.9,2340,2320
21.0,18.6,24.1,15.9,2420,2340
21.3,17.8,26.5,3.4,2420,2420
22.2,17.6,28.6,0.0,2420,2420
22.1,17.4,28.7,0.0,2420,2420
22.4,17.8,27.4,1.1,2420,2420
20.6,18.3,23.6,51.5,2340,2420
21.7,17.0,27.7,4.7,2280,2340
20.0,14.3,27.1,1.0,2340,2280
20.2,13.7,27.1,1.1,2320,2340
20.5,16.4,25.0,0.0,2240,2320
20.3,16.1,24.5,0.7,2240,2240
21.0,17.1,25.9,4.3,2240,2240
20.6,15.2,27.0,0.0,2200,2240
21.7,16.6,27.1,10.1,2200,2200
19.6,14.0,24.5,1.1,2160,2200
18.2,11.9,25.6,0.0,2100,2160
19.2,13.9,26.4,0.8,2120,2100
19.8,14.9,26.2,0.1,2120,2120
20.8,15.7,27.5,0.3,2120,2120
21.6,16.6,28.4,0.0,2140,2120
22.2,17.1,28.2,1.2,2100,2140
19.5,17.4,22.5,17.6,2060,2100
19.5,14.8,25.0,1.6,2040,2060
15.7,10.4,21.8,0.0,2000,2040
17.2,9.9,25.8,0.0,2000,2000
16.7,12.8,20.3,23.0,2000,2000
19.8,16.5,24.3,19.8,2000,2000
18.1,14.8,23.1,3.1,2000,2000
17.0,13.2,22.1,0.7,2000,2000
16.6,12.8,20.9,3.1,2000,2000
16.5,13.8,19.1,8.7,2000,2000
19.3,15.8,24.3,0.7,2000,2000
20.3,16.1,26.4,0.0,2000,2000
20.7,16.3,27.0,0.0,1880,2000
20.8,16.6,26.5,4.3,1880,1880
17.8,14.7,21.9,6.0,1880,1880
13.1,10.6,15.6,10.6,1880,1880
13.1,8.0,19.2,1.7,1880,1880
14.1,9.2,20.2,0.6,1820,1880
14.5,10.2,19.1,2.7,1820,1820
15.4,12.1,20.0,1.9,1660,1820
15.1,10.0,21.3,0.0,1580,1660
15.5,12.9,18.6,0.4,1580,1580
15.2,11.3,20.3,1.0,1580,1580
15.1,10.0,22.2,0.0,1580,1580
15.1,9.5,22.4,0.0,1620,1580
15.5,9.8,21.3,1.1,1600,1620
12.8,8.0,18.4,0.0,1620,1600
11.6,7.1,18.4,0.3,1620,1620
11.6,5.9,19.6,0.0,1620,1620
12.7,6.8,19.6,0.0,1620,1620
14.3,9.5,21.5,0.0,1620,1620
15.3,9.3,21.8,0.0,1820,1620
12.8,7.6,19.4,25.1,1800,1820
8.0,3.0,14.1,0.7,1780,1800
8.8,1.1,17.3,0.0,1780,1780
11.9,5.7,18.4,0.0,1780,1780
13.2,8.7,19.3,0.8,1780,1780
12.1,7.1,18.5,1.7,1740,1780
8.0,3.5,13.6,11.5,1700,1740
7.5,1.3,15.7,0.0,1700,1700
9.7,2.4,18.1,0.0,1700,1700
13.6,6.6,19.7,0.5,1720,1700
14.0,7.4,19.5,0.2,1720,1720
9.3,2.9,17.6,0.0,1720,1720
11.6,4.5,19.3,2.4,1720,1720
6.9,1.9,12.2,0.0,1720,1720
5.8,-0.3,13.8,0.0,1700,1720
8.3,1.5,14.6,1.0,1680,1700
9.3,4.1,14.5,0.2,1660,1680
5.5,1.2,10.4,0.1,1660,1660
3.2,-1.5,9.4,0.0,1660,1660
5.3,-1.9,10.9,0.3,1660,1660
2.3,-1.9,7.8,0.8,1640,1660
1.0,-3.7,5.6,0.9,1580,1640
3.1,-1.4,8.3,0.3,1600,1580
3.0,-2.7,10.3,0.3,1640,1600
5.5,0.3,10.7,0.5,1640,1640
2.5,-1.7,6.8,1.0,1640,1640
2.1,-1.9,6.9,1.2,1580,1640
4.2,-3.1,10.3,7.4,1600,1580
6.5,0.8,12.6,2.6,1600,1600
4.1,-1.6,11.7,0.0,1600,1600
7.6,1.0,14.6,0.3,1600,1600
7.7,3.3,12.3,1.1,1600,1600
2.4,-1.7,6.8,4.8,1600,1600
-0.5,-5.1,4.8,0.1,1640,1600
1.3,-4.8,8.0,0.1,1680,1640
4.4,-1.7,11.0,1.0,1680,1680
2.3,-2.5,7.0,0.7,1760,1680
-2.1,-5.7,2.1,1.4,1780,1760
0.7,-5.1,6.8,1.2,1780,1780
2.7,-1.8,7.8,1.1,1780,1780
-1.1,-4.2,2.5,1.6,1780,1780
0.8,-4.5,6.1,0.2,1780,1780
3.6,-1.0,8.7,2.5,1780,1780
-2.7,-6.3,1.9,0.6,1780,1780
-5.6,-9.4,-1.4,0.4,1780,1780
-4.9,-9.2,0.7,1.1,1780,1780
-3.7,-10.2,3.0,1.0,1780,1780
-0.5,-6.9,5.0,0.1,1780,1780
-1.5,-5.4,2.2,1.1,1760,1780
-4.2,-8.5,0.5,0.6,1760,1760
-0.1,-7.1,5.5,0.5,1760,1760
-1.0,-5.5,3.6,0.2,1760,1760
-1.3,-7.5,4.7,1.1,1760,1760
0.0,-4.7,6.0,0.0,1760,1760
1.7,-4.3,8.5,0.0,1760,1760
3.9,-1.1,11.1,0.0,1760,1760
4.5,1.5,8.5,14.2,1760,1760
0.4,-2.5,3.6,0.3,1760,1760
-0.5,-4.6,4.2,0.3,1760,1760
-3.6,-7.7,0.9,0.5,1760,1760
-1.3,-6.7,3.8,0.0,1760,1760
3.0,-2.2,8.0,0.0,1760,1760
3.0,-1.5,7.2,0.8,1760,1760
2.3,-1.7,5.8,0.6,1340,1760
-0.2,-4.8,5.2,0.0,1760,1340
0.3,-5.2,6.0,0.0,1760,1760
-1.4,-5.0,3.0,1.9,1780,1760
-1.6,-5.5,2.4,1.9,1780,1780
0.0,-3.3,4.7,1.2,1780,1780
-0.5,-5.1,5.6,1.9,1780,1780
0.0,-6.3,4.8,1.2,1780,1780
2.5,0.2,5.1,2.4,1780,1780
-1.2,-3.3,1.7,1.5,1840,1780
-4.3,-7.8,-0.7,3.1,1880,1840
-7.9,-11.0,-4.0,3.1,1880,1880
-8.2,-13.1,-3.3,0.8,1880,1880
-3.2,-8.8,3.0,0.3,1880,1880
-0.1,-7.1,6.8,0.7,1880,1880
4.5,-0.6,11.0,0.2,2000,1880
4.0,-0.5,8.0,10.5,1980,2000
4.4,1.7,7.9,5.1,1980,1980
3.7,0.0,7.9,0.1,1960,1980
1.4,-2.8,7.5,0.0,2000,1960
1.3,-3.9,7.6,0.0,2000,2000
1.3,-3.9,7.5,0.0,2000,2000
3.0,-0.5,7.5,1.4,2020,2000
-6.0,-9.6,1.0,0.2,2020,2020
-10.0,-13.1,-6.1,0.9,1980,2020
-9.4,-13.5,-4.8,0.8,2080,1980
-9.9,-13.6,-5.1,1.1,2100,2080
-6.6,-14.1,0.6,0.1,2100,2100
-2.5,-5.7,2.0,0.3,2100,2100
-5.7,-9.1,-1.5,0.6,2180,2100
-4.5,-11.0,1.3,0.3,2240,2180
-1.0,-5.9,3.8,0.3,2320,2240
-2.0,-7.6,4.4,0.0,2340,2320
-2.3,-8.2,4.4,0.3,2500,2340
-4.4,-7.9,-0.7,0.5,2500,2500
-6.9,-10.3,-2.9,2.5,2500,2500
-7.2,-11.6,-2.5,1.8,2500,2500
-7.8,-12.0,-3.4,2.0,2500,2500
-6.6,-13.1,0.1,1.6,2580,2500
-3.6,-10.9,4.5,5.1,2640,2580
1.5,-6.0,8.5,0.1,2640,2640
1.6,-3.7,7.0,0.7,2640,2640
-3.5,-6.9,0.2,0.7,2640,2640
-3.9,-8.5,0.0,0.7,2580,2640
-0.5,-6.8,5.2,0.2,2560,2580
4.8,-2.7,11.7,0.0,2480,2560
2.2,-2.2,7.7,0.1,2480,2480
1.2,-4.6,7.6,0.0,2480,2480
0.0,-4.1,4.8,0.0,2480,2480
1.1,-4.2,7.0,0.6,2480,2480
3.0,-2.2,9.2,2.1,2340,2480
2.8,-3.8,9.1,0.1,2300,2340
0.6,-3.8,5.4,3.3,2280,2300
0.6,-6.0,7.2,0.3,2180,2280
4.4,-2.6,10.2,1.5,2180,2180
4.6,-0.5,10.9,0.9,2180,2180
4.0,-0.7,10.5,0.2,2180,2180
3.2,-4.0,11.7,0.3,2140,2180
5.1,-2.5,12.3,0.0,2140,2140
5.7,2.4,9.3,30.0,2140,2140
2.8,-1.6,6.7,1.3,2140,2140
1.4,-4.8,8.8,0.0,2140,2140
7.5,-1.2,16.2,0.8,2140,2140
11.7,5.9,17.2,14.9,2140,2140
5.6,2.3,11.6,10.9,2140,2140
4.6,-0.6,11.0,0.0,2100,2140
5.1,1.5,8.9,5.9,2100,2100
3.3,1.2,6.2,17.6,2060,2100
3.5,0.2,7.8,0.8,1980,2060
4.7,-1.2,11.3,0.0,1980,1980
6.3,0.5,13.5,0.0,1980,1980
7.9,-0.4,16.6,0.0,1960,1980
12.1,3.4,19.6,0.0,1940,1960
15.0,7.9,22.0,0.2,1880,1940
12.7,7.9,16.1,24.9,1880,1880
5.2,1.4,10.1,1.0,1860,1880
5.5,-1.1,12.8,0.0,1860,1860
8.1,1.9,13.2,6.5,1860,1860
8.5,5.6,11.5,19.8,1860,1860
5.1,1.7,8.6,2.3,1820,1860
1.8,0.2,3.7,9.2,1820,1820
4.9,0.3,11.4,0.1,1820,1820
6.2,-0.7,13.5,0.0,1680,1820
8.9,1.9,15.9,0.0,1680,1680
10.6,3.8,18.6,0.0,1680,1680
11.8,4.4,19.9,0.0,1600,1680
13.3,5.2,21.1,0.0,1600,1600
14.6,7.1,21.7,0.0,1580,1600
14.2,8.6,21.4,0.0,1540,1580
12.7,7.4,19.3,0.0,1500,1540
13.8,6.3,21.6,0.0,1500,1500
15.5,9.5,21.4,0.0,1500,1500
17.5,11.3,24.1,0.0,1520,1500
17.7,11.6,23.9,1.2,1520,1520
11.5,8.4,16.6,13.9,1400,1520
8.7,7.5,10.2,12.0,1400,1400
7.9,3.9,13.0,16.8,1380,1400
4.8,1.8,8.9,0.7,1380,1380
7.1,0.1,12.4,1.3,1380,1380
10.6,4.9,17.5,0.1,1380,1380
14.8,4.9,21.8,2.7,1360,1380
15.4,9.7,20.8,3.3,1320,1360
13.1,5.3,21.0,0.0,1300,1320
12.7,6.2,18.0,0.1,1280,1300
9.5,7.5,13.1,23.9,1280,1280
10.4,6.4,15.8,0.0,1280,1280
10.7,3.8,17.5,0.1,1280,1280
12.3,6.3,19.6,0.1,1260,1280
12.9,5.3,21.0,0.0,1180,1260
14.7,5.4,23.4,0.0,1180,1180
17.4,8.2,27.1,0.0,1160,1180
18.5,9.7,27.3,0.0,1160,1160
15.8,11.7,21.2,5.7,1160,1160
11.4,10.4,13.6,48.2,1160,1160
11.6,9.1,14.1,12.5,1180,1160
12.9,5.6,20.8,0.6,1200,1180
14.4,6.2,22.5,0.0,1200,1200
14.8,8.3,22.0,0.0,1260,1200
15.5,7.8,23.6,0.0,1260,1260
16.2,8.0,24.1,0.0,1260,1260
18.4,12.3,24.9,7.4,1260,1260
18.3,13.6,23.2,0.7,1260,1260
14.8,10.3,19.1,11.6,1260,1260
11.8,7.7,17.0,1.3,1280,1260
14.3,7.0,20.8,0.0,1280,1280
17.7,9.4,24.6,0.0,1280,1280
15.8,14.1,18.6,23.9,1280,1280
16.2,13.0,20.8,16.8,1280,1280
14.8,11.4,18.9,3.0,1440,1280
13.4,9.1,18.6,0.2,1500,1440
15.1,9.2,21.8,0.0,1540,1500
16.7,9.9,23.5,0.1,1520,1540
15.9,13.4,18.5,15.7,1520,1520
17.2,13.4,22.4,6.5,1520,1520
19.0,12.0,26.4,0.0,1480,1520
22.0,14.8,28.9,0.1,1380,1480
22.3,20.1,24.8,7.3,1380,1380
22.4,19.3,26.0,21.2,1360,1380
17.4,13.4,21.8,11.5,1360,1360
15.5,10.9,20.6,0.4,1360,1360
15.4,9.3,21.5,0.4,1360,1360
16.1,10.2,21.9,0.0,1440,1360
17.4,11.9,23.6,7.1,1440,1440
17.9,12.5,23.9,13.9,1560,1440
18.6,9.7,26.3,0.0,1580,1560
19.4,12.1,26.8,1.0,1580,1580
19.7,12.1,27.5,4.7,1580,1580
19.5,14.3,25.1,1.9,1580,1580
20.1,15.0,25.7,3.0,1600,1580
21.2,16.8,26.6,2.5,1600,1600
20.5,16.6,25.6,3.4,1600,1600
19.3,14.1,25.5,0.1,1600,1600
21.7,13.9,29.5,0.0,1580,1600
22.8,15.3,30.6,0.0,1580,1580
22.2,15.4,29.8,0.0,1580,1580
22.0,15.7,28.2,0.1,1500,1580
21.1,17.6,26.0,3.3,1460,1500
22.1,16.6,28.8,0.0,1460,1460
22.8,17.2,29.6,0.0,1460,1460
22.1,17.5,27.7,0.0,1480,1460
21.0,17.1,26.0,1.1,1480,1480
19.5,17.0,23.2,1.6,1480,1480
18.3,16.3,21.5,11.4,1460,1480
19.2,15.7,24.2,1.7,1420,1460
20.2,16.0,25.3,0.5,1420,1420
20.3,17.3,24.7,4.9,1380,1420
19.7,16.1,24.4,1.6,1380,1380
19.5,14.6,25.5,0.0,1380,1380
20.7,14.6,26.9,0.0,1380,1380
23.0,17.6,29.4,0.0,1360,1380
21.2,17.9,25.5,6.6,1400,1360
22.3,17.7,28.0,0.3,1340,1400
22.9,17.6,29.3,0.0,1340,1340
23.5,16.5,30.7,0.7,1340,1340
23.5,18.9,29.4,0.2,1340,1340
25.1,18.7,32.3,0.0,1340,1340
25.0,18.6,32.0,0.0,1340,1340
23.2,20.2,26.3,27.9,1340,1340
24.1,21.4,28.2,32.6,1440,1340
22.7,20.4,25.6,46.6,1500,1440
24.0,20.5,28.9,4.6,1500,1500
22.9,20.3,26.3,21.2,1500,1500
22.7,20.0,26.1,62.8,1500,1500
23.6,21.2,26.6,40.0,1540,1500
24.5,22.0,28.2,16.3,1580,1540
25.4,21.9,30.5,15.6,1560,1580
23.4,21.6,26.7,13.5,1520,1560
21.6,19.7,23.9,7.2,1480,1520
21.1,17.7,25.5,1.3,1480,1480
20.7,17.3,24.6,0.3,1480,1480
20.3,18.8,22.0,12.7,1500,1480
24.1,20.0,28.5,8.7,1500,1500
26.1,22.7,30.3,8.1,1540,1500
27.1,23.2,31.7,0.3,1540,1540
27.5,23.8,32.3,0.4,1560,1540
27.6,23.4,32.8,0.0,1560,1560
27.9,23.2,33.5,0.0,1560,1560
27.9,22.9,33.5,0.0,1600,1560
27.7,23.0,33.0,0.0,1560,1600
27.5,22.7,33.2,0.0,1680,1560
27.8,22.8,33.8,0.0,1640,1680
28.4,22.7,34.9,0.0,1560,1640
29.1,23.8,35.1,0.3,1560,1560
29.1,24.3,34.6,0.0,1560,1560
29.3,25.1,34.6,3.1,1580,1560
29.4,24.7,34.9,0.1,1620,1580
29.3,25.5,34.3,0.2,1560,1620
29.5,25.0,35.0,0.5,1520,1560
29.7,25.2,35.6,0.5,1520,1520
28.6,25.4,34.1,6.6,1520,1520
29.0,24.6,34.1,1.1,1520,1520
28.7,24.6,33.7,1.8,1580,1520
28.9,23.6,34.9,0.0,1720,1580
29.7,23.7,36.3,0.0,1760,1720
29.9,24.5,35.9,0.0,1720,1760
29.8,25.1,35.2,1.6,1860,1720
29.9,25.5,35.2,0.2,1860,1860
29.7,25.5,35.0,7.6,1860,1860
28.8,25.2,34.0,16.5,1880,1860
28.3,25.1,33.3,3.8,1840,1880
28.6,24.7,34.3,6.6,1820,1840
28.2,24.7,33.6,7.3,1780,1820
27.5,24.7,32.1,10.7,1880,1780
27.4,24.2,32.0,1.5,1880,1880
27.9,23.8,32.8,2.6,1880,1880
29.4,24.9,34.9,3.6,2000,1880
29.5,24.7,35.8,6.4,2000,2000
29.0,24.2,35.6,9.4,2000,2000
26.7,23.3,31.3,10.8,2020,2000
24.8,20.8,29.8,0.9,1980,2020
24.0,18.7,30.1,0.0,1980,1980
25.0,19.4,31.4,0.0,1980,1980
26.2,21.0,31.6,3.9,1980,1980
26.6,21.9,32.0,4.9,2020,1980
28.5,22.8,34.2,7.2,2220,2020
26.8,24.3,29.7,35.8,2520,2220
25.4,22.9,28.7,20.4,2560,2520
24.4,21.3,28.4,1.9,2560,2560
22.4,20.4,25.8,56.8,2560,2560
23.6,21.3,26.2,44.7,2940,2560
25.1,22.7,29.0,37.2,2920,2940
25.9,22.5,30.3,26.8,2740,2920
26.1,23.8,30.1,16.3,2740,2740
23.8,21.1,27.2,34.1,2960,2740
23.1,19.7,27.5,25.9,2960,2960
22.3,18.3,26.5,2.2,2960,2960
23.7,21.1,27.2,32.0,2980,2960
23.6,19.7,28.5,31.0,3160,2980
23.1,18.0,28.5,0.0,3240,3160
22.5,18.1,26.8,1.1,3240,3240
21.2,17.6,25.2,5.9,3240,3240
19.4,14.8,25.0,0.0,3240,3240
20.2,14.4,26.7,3.0,3240,3240
20.4,15.5,25.9,1.6,3220,3240
19.5,14.5,24.6,0.2,3160,3220
20.9,15.6,26.5,16.3,3140,3160
20.8,18.3,24.0,13.9,3100,3140
21.5,18.9,24.5,11.4,3040,3100
22.0,20.2,24.7,2.7,3040,3040
22.7,20.2,26.7,0.6,3040,3040
21.8,17.8,27.2,0.4,3080,3040
21.0,16.3,27.3,0.0,3000,3080
20.6,16.5,25.1,2.5,2760,3000
19.9,18.3,21.9,12.5,2760,2760
19.4,17.9,21.3,26.0,2760,2760
20.3,15.2,26.3,1.4,2760,2760
18.9,13.7,25.7,0.8,2760,2760
16.6,12.1,22.0,0.1,2760,2760
16.5,9.8,23.4,7.1,2760,2760
17.8,13.8,23.0,2.1,2760,2760
17.1,11.5,23.8,0.5,2900,2760
17.0,11.7,22.3,0.1,2740,2900
18.4,14.1,23.2,7.0,2740,2740
18.5,14.2,24.7,2.9,2740,2740
16.0,12.2,20.1,1.5,2740,2740
15.4,10.2,22.0,0.2,2720,2740
15.4,9.3,23.3,0.0,2720,2720
17.9,10.8,24.4,1.5,2600,2720
17.6,15.8,19.5,62.9,2680,2600
18.9,16.2,22.0,78.7,2680,2680
17.6,12.6,23.6,0.6,2680,2680
14.6,9.8,21.1,0.0,2820,2680
14.8,10.2,19.6,0.5,2820,2820
14.0,9.3,17.9,1.9,2680,2820
10.7,6.1,16.1,0.2,2620,2680
10.4,4.7,17.5,0.0,2460,2620
11.7,5.3,19.6,0.0,2460,2460
13.1,6.9,20.2,0.0,2460,2460
14.1,8.6,21.0,0.0,2380,2460
12.9,9.0,18.4,2.7,2380,2380
12.5,7.7,19.1,10.7,2140,2380
11.7,6.4,17.6,10.1,2020,2140
12.1,6.6,19.1,0.2,2020,2020
11.6,5.3,20.4,0.0,2020,2020
11.7,5.1,20.8,0.0,2020,2020
12.8,6.8,20.0,0.3,2000,2020
13.2,8.7,19.4,1.6,2060,2000
12.2,7.1,19.5,0.0,2100,2060
12.3,5.7,20.9,0.0,2080,2100
12.5,9.2,15.5,7.0,2020,2080
10.5,7.0,14.3,0.7,2020,2020
10.7,4.6,16.4,5.7,2020,2020
10.0,5.2,15.8,0.7,2000,2020
7.7,2.9,13.3,0.0,2000,2000
7.9,2.9,14.4,0.7,2060,2000
7.8,1.7,15.9,0.0,2060,2060
9.0,2.2,18.3,0.0,1960,2060
9.7,2.8,19.2,0.0,1960,1960
10.2,3.3,19.7,0.0,1960,1960
10.7,3.9,19.1,0.4,1940,1960
11.8,5.9,19.1,1.1,1900,1940
12.9,10.0,15.7,4.3,1940,1900
14.0,12.1,17.1,33.1,1980,1940
12.3,7.9,16.1,0.7,2060,1980
10.8,5.5,18.0,0.1,2060,2060
9.5,4.9,14.6,2.2,2060,2060
9.4,5.1,14.9,2.0,2100,2060
9.0,4.3,15.3,1.3,2080,2100
8.6,3.5,15.8,3.0,2080,2080
8.9,3.2,16.5,0.0,2060,2080
9.0,5.3,13.6,2.3,2060,2060
7.5,3.0,13.7,2.9,2060,2060
6.6,2.4,11.1,0.6,2060,2060
7.2,2.1,13.5,0.0,1960,2060
6.3,0.5,13.6,1.3,1960,1960
6.4,1.6,11.2,1.1,1940,1960
4.2,-0.1,8.8,0.0,1900,1940
2.5,-2.4,8.7,1.4,1880,1900
4.1,-0.4,7.7,4.5,1880,1880
5.7,1.8,11.3,0.0,1880,1880
6.1,0.9,14.0,1.0,1880,1880
7.8,1.8,14.9,0.0,1880,1880
6.1,1.3,12.3,0.0,1880,1880
5.3,-0.6,11.8,0.0,1780,1880
5.4,0.1,12.3,0.0,1620,1780
5.6,1.3,12.0,0.0,1620,1620
8.7,1.4,15.5,0.9,1620,1620
12.2,9.2,15.2,8.3,1680,1620
10.4,5.5,14.2,12.3,1700,1680
4.2,0.1,8.2,6.1,1720,1700
4.2,1.8,7.2,3.7,1720,1720
-2.6,-5.8,3.4,0.5,1720,1720
-4.6,-7.9,-0.6,0.7,1720,1720
-4.0,-8.3,0.9,0.7,1720,1720
-1.6,-7.5,5.6,0.7,1820,1720
0.6,-2.8,2.9,2.6,1820,1820
-0.3,-3.9,4.0,3.5,1820,1820
0.0,-4.9,5.2,0.5,1780,1820
-2.1,-6.2,3.2,8.0,1780,1780
-1.6,-8.0,5.8,0.4,1780,1780
1.0,-2.9,4.6,1.1,1780,1780
3.2,-0.9,7.6,0.2,1780,1780
2.6,-2.4,8.5,0.0,1780,1780
5.4,-0.5,11.9,0.3,1700,1780
4.5,0.2,10.7,7.1,1660,1700
5.3,-1.1,12.4,0.0,1660,1660
6.8,1.3,13.5,0.4,1660,1660
5.6,0.6,10.3,1.9,1660,1660
-0.1,-4.1,5.3,0.0,1620,1660
0.7,-5.1,5.7,0.3,1620,1620
2.7,-0.7,7.0,0.2,1620,1620
-4.4,-7.7,-0.1,0.7,1700,1620
-6.6,-10.3,-2.3,1.6,1700,1700
-4.9,-9.3,-0.5,0.6,1700,1700
-4.4,-9.0,1.1,0.2,1700,1700
-3.0,-9.4,4.0,0.0,1700,1700
-1.8,-5.7,2.4,0.2,1700,1700
-2.2,-6.7,3.3,0.0,1700,1700
-1.9,-7.4,5.1,0.0,1800,1700
-0.4,-7.1,5.3,0.3,1860,1800
0.4,-4.3,5.6,0.4,1860,1860
-1.0,-5.7,5.8,0.8,1860,1860
-0.4,-6.1,5.6,0.0,1860,1860
-0.5,-4.6,4.5,0.1,1820,1860
-2.7,-7.6,2.9,0.7,1720,1820
-2.7,-7.6,2.9,0.7,1680,1720
-2.7,-7.6,2.9,0.7,1660,1680
-2.7,-7.6,2.9,0.7,1660,1660
-2.7,-7.6,2.9,0.7,1660,1660
1.1,-4.0,7.6,2.4,1600,1660
1.1,-3.6,6.2,0.1,1520,1600
-3.0,-7.7,1.9,0.1,1540,1520
0.5,-3.9,5.4,0.0,1540,1540
0.9,-5.1,8.1,0.0,1520,1540
2.9,-2.6,9.3,0.7,1520,1520
1.8,-2.6,5.6,0.2,1520,1520
0.6,-5.1,6.1,0.0,1460,1520
2.5,-3.4,9.0,0.0,1500,1460
3.1,-2.2,9.6,0.0,1480,1500
0.8,-5.1,8.2,0.0,1480,1480
-0.3,-5.1,5.5,3.7,1460,1480
-1.7,-6.0,3.7,0.1,1460,1460
-0.2,-7.6,7.2,0.0,1460,1460
2.6,-2.6,7.3,0.3,1540,1460
0.2,-6.4,8.1,0.0,1540,1540
3.6,-2.9,10.2,0.1,1600,1540
0.3,-3.7,4.8,7.7,1620,1600
-1.2,-6.5,4.1,0.1,1680,1620
2.3,-4.7,8.5,0.1,1680,1680
5.9,2.8,10.1,13.9,1680,1680
2.6,-1.2,6.9,0.0,1680,1680
3.1,-3.9,11.0,0.0,1680,1680
5.7,-1.0,13.0,0.1,1680,1680
2.3,-3.5,7.6,0.9,1640,1680
-1.7,-5.5,3.3,2.3,1580,1640
-1.5,-4.1,1.9,1.3,1580,1580
-1.3,-6.1,3.2,0.6,1580,1580
-0.7,-4.5,3.9,0.6,1600,1580
0.2,-5.7,6.0,0.0,1580,1600
0.5,-3.8,5.4,2.7,1640,1580
0.7,-3.6,6.4,0.5,1600,1640
2.2,-1.5,6.2,0.8,1600,1600
-0.2,-3.2,3.4,0.2,1600,1600
0.0,-5.3,6.2,0.0,1600,1600
2.3,-4.2,7.5,0.5,1520,1600
3.2,0.7,6.1,17.3,1520,1520
2.8,-0.5,7.0,0.0,1560,1520
2.7,-2.6,9.2,0.0,1600,1560
4.0,-1.4,11.0,1.4,1600,1600
5.0,-1.2,13.0,0.1,1600,1600
6.0,-1.3,14.1,0.0,1600,1600
5.9,0.6,12.7,0.0,1560,1600
5.4,-1.4,12.7,0.1,1540,1560
7.2,3.4,11.9,0.7,1580,1540
6.7,1.5,13.3,0.2,1580,1580
6.0,-0.1,13.5,0.0,1580,1580
7.0,-0.6,14.5,0.8,1580,1580
8.6,2.7,14.6,0.9,1580,1580
8.7,3.7,15.0,0.4,1520,1580
8.1,1.2,14.2,0.2,1400,1520
8.6,4.5,14.0,1.9,1360,1400
6.4,2.1,11.8,1.9,1360,1360
6.0,-1.3,14.4,0.0,1320,1360
7.8,-0.9,15.7,2.7,1320,1320
7.6,3.8,11.6,12.3,1320,1320
6.3,0.7,11.8,1.6,1320,1320
5.9,1.1,11.8,1.0,1320,1320
3.9,-1.5,9.3,0.1,1360,1320
5.1,-2.4,11.6,0.1,1340,1360
5.6,1.0,12.2,3.8,1320,1340
5.6,1.2,11.0,0.4,1320,1320
6.5,1.1,12.9,3.6,1320,1320
7.3,-0.5,14.7,6.4,1240,1320
10.5,2.2,18.8,0.0,1240,1240
11.3,5.0,17.1,16.5,1240,1240
9.9,4.6,15.2,2.5,1200,1240
5.2,1.6,10.4,0.0,1180,1200
4.2,-0.1,10.3,1.4,1180,1180
4.6,-2.1,11.1,0.0,1180,1180
7.1,0.3,13.5,0.0,1160,1180
10.5,3.1,18.6,0.0,1160,1160
12.6,4.9,19.4,0.4,1160,1160
10.5,6.5,15.9,2.6,1160,1160
10.5,4.8,16.8,1.4,1160,1160
7.3,3.6,12.4,2.9,1160,1160
5.2,2.2,9.1,0.5,1160,1160
5.7,-0.3,11.3,0.4,1180,1160
6.6,-0.4,13.2,0.7,1220,1180
7.2,-0.4,14.3,6.5,1240,1220
9.8,1.1,17.7,0.0,1160,1240
11.5,5.1,18.7,0.0,1140,1160
11.4,3.2,18.7,2.5,1140,1140
12.2,7.1,18.2,4.6,1140,1140
11.6,5.0,18.9,0.0,1180,1140
9.3,4.9,15.4,22.9,1220,1180
7.2,4.6,10.0,7.6,1220,1220
8.6,3.2,14.2,0.0,1180,1220
10.5,4.0,17.5,0.9,1200,1180
11.3,3.8,18.5,0.0,1200,1200
10.1,6.2,14.6,0.9,1200,1200
11.0,2.3,19.5,0.0,1180,1200
13.9,4.1,22.9,1.0,1160,1180
15.1,8.4,22.6,2.6,1180,1160
14.9,7.9,21.3,0.0,1180,1180
12.7,9.1,17.3,0.1,1140,1180
14.4,7.3,21.4,0.3,1140,1140
16.3,11.5,22.2,0.2,1140,1140
17.3,10.1,25.2,0.0,1140,1140
16.7,12.0,21.5,6.7,1140,1140
17.2,14.0,21.9,6.8,1240,1140
13.4,10.2,16.9,4.4,1240,1240
9.4,7.4,11.7,6.2,1240,1240
11.4,5.0,17.7,0.2,1240,1240
12.0,8.2,17.0,0.3,1240,1240
11.4,8.2,14.4,22.7,1220,1240
14.5,9.7,20.4,0.3,1280,1220
15.2,10.0,21.8,1.0,1280,1280
15.8,8.1,23.7,0.0,1280,1280
16.5,7.4,25.8,0.0,1220,1280
17.5,8.7,26.4,0.0,1220,1220
18.5,10.6,26.9,0.0,1220,1220
13.7,8.2,20.0,0.7,1220,1220
13.7,5.0,21.5,0.0,1280,1220
15.4,7.0,22.6,0.0,1280,1280
16.8,10.8,23.8,0.0,1290,1280
17.3,8.4,26.4,0.0,1290,1290
18.2,9.9,26.9,0.0,1290,1290
18.2,11.0,25.9,1.3,1290,1290
17.8,11.1,24.3,0.2,1290,1290
19.6,13.8,26.4,0.2,1330,1290
20.1,14.0,27.2,0.1,1420,1330
21.1,14.4,28.6,0.0,1480,1420
20.9,14.6,27.1,6.9,1520,1480
18.7,16.2,21.6,26.2,1520,1520
19.4,16.8,22.5,6.6,1520,1520
16.8,11.7,20.8,1.9,1580,1520
16.8,8.8,24.0,0.0,1580,1580
19.0,10.3,27.0,0.0,1580,1580
20.6,12.6,28.8,0.0,1540,1580
22.6,13.8,31.1,0.0,1520,1540
22.7,16.3,29.7,0.0,1520,1520
22.8,16.1,29.6,0.7,1520,1520
18.5,15.3,21.7,28.9,1540,1520
17.6,12.2,23.6,0.0,1610,1540
19.5,11.0,27.2,0.0,1600,1610
20.2,12.4,27.3,0.1,1640,1600
18.2,14.1,23.5,1.1,1700,1640
18.7,12.2,25.1,0.0,1700,1700
20.2,13.3,27.4,0.0,1700,1700
21.6,13.6,29.3,1.3,1680,1700
22.8,15.8,30.0,0.7,1540,1680
22.6,16.6,29.7,0.0,1480,1540
20.9,16.7,26.6,22.7,1480,1480
18.5,16.5,21.2,23.3,1560,1480
19.8,15.3,25.3,0.5,1560,1560
19.5,15.8,24.8,3.8,1560,1560
18.1,15.1,22.0,4.4,1560,1560
18.4,14.6,23.3,2.2,1560,1560
19.5,14.1,25.6,0.0,1560,1560
20.9,14.5,27.7,0.0,1540,1560
19.8,16.5,24.4,6.9,1540,1540
20.1,15.7,26.0,9.1,1540,1540
20.0,15.1,25.6,1.5,1540,1540
21.0,16.6,26.3,0.1,1540,1540
20.9,17.1,25.6,3.3,1540,1540
22.0,18.1,27.1,1.4,1540,1540
23.1,17.8,28.8,0.0,1500,1540
22.5,18.2,28.3,4.9,1500,1500
21.4,17.1,26.8,5.7,1500,1500
21.3,16.3,26.9,1.3,1500,1500
22.1,17.0,28.0,0.2,1500,1500
23.2,16.9,30.0,0.5,1520,1500
20.8,17.7,24.2,39.8,1520,1520
23.5,20.4,28.4,13.8,1580,1520
23.4,20.3,27.8,1.3,1740,1580
21.5,19.8,24.1,33.3,1740,1740
23.6,20.0,28.2,0.1,1740,1740
22.9,19.8,26.7,1.1,1620,1740
23.2,18.4,28.8,0.4,1620,1620
22.7,18.2,28.1,1.3,1520,1620
24.1,18.2,30.9,0.0,1510,1520
24.7,18.9,31.7,1.2,1510,1510
24.7,18.8,30.9,1.3,1510,1510
23.1,19.5,27.9,0.9,1510,1510
22.2,18.6,26.9,1.7,1560,1510
22.3,18.2,26.6,1.1,1560,1560
20.7,19.0,22.9,21.8,1620,1560
22.1,19.6,25.5,9.9,1800,1620
22.9,19.4,27.7,0.8,1800,1800
22.9,19.8,27.2,5.6,1800,1800
23.6,19.9,28.8,5.0,1800,1800
23.0,20.3,27.1,13.4,1780,1800
23.5,20.0,28.5,6.1,1780,1780
24.2,20.4,28.7,4.7,1760,1780
23.9,21.0,27.5,15.2,1780,1760
24.9,21.8,28.1,24.9,1780,1780
24.6,23.0,26.7,58.6,1780,1780
24.6,22.5,27.7,20.7,1780,1780
26.7,23.0,31.3,3.9,1800,1780
27.4,23.9,32.1,0.1,1700,1800
26.4,24.5,29.3,1.1,1640,1700
26.2,24.6,28.8,16.3,1640,1640
26.2,24.5,28.8,20.8,1580,1640
26.7,24.4,30.0,15.4,1580,1580
26.7,24.8,29.6,14.2,1580,1580
27.5,24.1,31.7,0.7,1800,1580
28.0,24.6,31.9,5.3,1800,1800
28.1,25.2,31.7,18.4,1800,1800
28.1,24.4,32.7,11.8,1860,1800
28.5,24.0,33.9,0.7,2000,1860
28.0,23.9,33.8,3.8,2000,2000
28.1,23.6,33.8,3.9,2000,2000
28.4,23.8,34.2,3.4,2040,2000
27.3,23.5,31.8,14.7,2080,2040
27.0,23.6,31.7,19.3,2080,2080
27.5,23.9,33.0,6.6,2240,2080
28.1,24.0,33.3,0.3,2240,2240
28.3,24.2,33.1,0.5,2240,2240
28.0,24.6,31.8,12.1,2240,2240
27.5,25.1,30.9,19.6,2040,2240
28.3,24.1,33.5,2.3,1940,2040
28.3,24.5,32.7,1.8,1800,1940
25.9,24.1,28.8,17.0,1800,1800
26.2,23.1,30.4,2.4,1840,1800
25.9,21.8,30.6,4.0,1840,1840
25.1,20.9,30.5,2.2,1840,1840
24.8,19.8,30.4,3.4,1880,1840
25.7,21.3,30.6,0.6,1920,1880
25.6,22.3,29.8,10.5,1780,1920
25.7,22.9,30.2,29.2,1760,1780
24.4,20.6,29.2,0.0,1760,1760
22.6,18.7,27.4,0.0,1760,1760
22.8,18.7,28.2,1.6,1760,1760
24.0,18.8,29.6,1.6,1720,1760
22.7,20.5,25.3,19.3,1680,1720
23.6,20.8,27.6,4.5,1680,1680
22.2,19.7,25.4,7.6,1720,1680
22.6,18.3,27.9,0.3,1720,1720
22.4,17.4,28.2,0.5,1720,1720
21.8,17.9,26.5,3.6,1720,1720
21.5,18.9,25.0,14.1,1720,1720
22.0,20.0,24.7,16.5,1740,1720
23.3,21.3,26.1,13.1,1760,1740
24.1,21.7,29.0,24.0,1840,1760
25.2,21.9,28.8,5.8,1880,1840
25.5,22.5,28.6,14.4,1880,1880
24.4,21.6,28.2,2.1,1880,1880
24.6,22.2,28.4,9.5,2040,1880
25.2,22.4,29.3,23.9,2200,2040
23.8,21.4,27.8,8.9,2280,2200
20.8,18.6,23.3,4.2,2280,2280
21.6,17.2,27.1,0.2,2280,2280
22.2,17.3,27.4,0.7,2280,2280
23.2,19.6,28.4,3.3,2280,2280
22.2,18.0,27.9,1.0,2120,2280
21.1,15.4,27.6,0.1,2060,2120
20.8,15.4,27.7,0.0,2060,2060
19.0,13.4,25.4,0.1,2060,2060
19.2,14.8,23.7,0.2,1880,2060
17.6,15.8,20.4,47.7,1880,1880
17.5,16.0,19.2,71.4,1880,1880
17.9,14.1,22.1,2.2,2080,1880
17.6,12.4,24.8,0.0,2180,2080
18.2,12.6,24.7,0.0,2240,2180
20.3,15.8,26.2,0.4,2080,2240
21.2,16.6,26.8,8.4,1940,2080
22.4,19.2,27.2,3.6,1940,1940
22.0,17.9,28.3,5.8,1940,1940
21.4,16.5,27.9,4.8,1880,1940
21.2,18.0,24.5,21.9,1860,1880
21.1,19.5,22.9,103.2,1820,1860
21.8,18.5,26.0,26.4,1820,1820
21.1,17.0,26.7,3.0,2040,1820
18.7,15.4,22.4,5.4,2040,2040
17.2,13.3,21.7,0.2,2040,2040
15.6,13.9,17.9,8.1,2040,2040
15.9,10.3,21.8,0.3,2020,2040
13.2,6.9,21.1,0.0,2020,2020
14.8,8.5,21.5,0.2,2060,2020
17.8,11.8,24.5,0.2,2040,2060
18.0,13.6,23.2,0.2,2040,2040
15.7,10.6,22.0,0.0,2040,2040
14.6,9.3,21.2,14.1,2040,2040
13.2,8.6,18.6,4.0,2060,2040
13.3,8.1,20.2,0.0,2000,2060
14.0,9.5,19.9,0.0,1980,2000
15.2,11.0,19.3,7.4,1980,1980
16.2,11.8,22.3,0.8,1980,1980
15.1,10.5,22.4,0.0,1980,1980
15.2,9.5,22.8,0.0,1940,1980
15.8,10.3,22.7,0.3,1900,1940
15.9,12.1,19.9,0.2,1900,1900
17.2,13.6,21.9,6.1,1860,1900
16.9,11.9,22.6,0.9,1800,1860
12.8,9.0,17.0,0.1,1800,1800
10.5,5.4,17.2,18.4,1800,1800
11.4,4.5,18.4,1.9,1800,1800
13.1,8.0,18.7,1.2,1740,1800
11.2,5.6,18.2,0.0,1740,1740
13.1,5.9,20.5,0.0,1740,1740
14.2,8.7,21.5,0.0,1740,1740
13.4,7.6,20.0,0.0,1740,1740
13.7,9.4,20.2,5.3,1740,1740
12.3,7.6,18.7,0.9,1840,1740
11.6,6.2,18.9,0.1,1840,1840
11.2,5.5,18.5,0.0,1840,1840
10.7,5.7,16.9,0.3,1840,1840
7.9,2.6,15.2,3.5,1840,1840
8.5,1.7,17.1,3.4,1840,1840
9.5,3.1,15.9,7.9,1840,1840
12.0,7.8,16.8,1.2,1760,1840
9.6,4.8,16.5,0.5,1760,1760
9.1,3.8,14.0,3.0,1760,1760
3.9,-0.6,9.0,0.1,1780,1760
7.2,-1.0,13.8,6.4,1780,1780
10.4,5.3,17.1,0.9,1780,1780
11.5,6.4,15.8,17.2,1780,1780
8.8,3.5,16.6,12.4,1840,1780
3.9,0.8,7.2,0.2,1960,1840
2.8,-1.8,8.9,0.2,1960,1960
5.2,-2.3,12.4,0.0,2060,1960
9.4,3.0,17.5,0.0,2060,2060
10.9,4.7,18.3,0.1,2060,2060
12.8,7.6,19.3,1.4,2060,2060
6.0,3.5,10.8,12.1,1940,2060
7.8,2.6,13.5,1.9,1860,1940
6.4,2.8,9.8,3.3,1820,1860
5.0,0.6,10.6,11.0,1820,1820
3.6,-0.9,9.9,4.0,1780,1820
5.6,-1.5,12.8,0.7,1780,1780
6.4,4.8,8.4,13.5,1780,1780
3.8,0.4,7.0,0.3,1780,1780
2.4,-2.4,6.8,0.6,1780,1780
4.1,-0.3,9.5,0.3,1880,1780
0.5,-4.0,5.0,0.2,1840,1880
-2.9,-7.2,2.5,1.5,1840,1840
0.4,-6.0,6.1,0.2,1840,1840
1.4,-3.3,8.0,0.0,1840,1840
3.1,-3.4,10.0,1.3,1840,1840
6.7,1.7,13.4,1.6,1840,1840
7.2,2.0,13.5,0.3,1800,1840
1.9,-2.2,6.2,0.1,1740,1800
1.7,-4.4,8.3,0.7,1780,1740
4.1,-0.1,9.0,0.6,1780,1780
4.8,-1.4,12.4,0.1,1780,1780
7.1,1.3,14.0,0.5,1740,1780
8.4,3.8,12.6,2.8,1720,1740
4.7,1.9,8.6,2.9,1720,1720
2.4,-0.9,6.9,1.1,1720,1720
1.2,-2.7,5.7,0.3,1720,1720
0.4,-3.8,4.8,0.4,1720,1720
3.0,-1.1,8.9,2.3,1720,1720
3.8,-1.0,8.8,1.0,1720,1720
2.1,-1.9,8.8,1.1,1740,1720
3.7,-2.9,11.0,0.2,1740,1740
3.8,1.4,6.2,1.9,1680,1740
0.7,-3.0,5.1,0.5,1680,1680
0.6,-4.7,7.5,0.5,1680,1680
2.9,-2.2,6.9,7.4,1680,1680
5.1,0.3,9.9,0.8,1740,1680
-3.5,-6.3,0.8,0.5,1920,1740
-0.8,-6.1,4.0,0.0,1920,1920
1.6,-2.7,6.4,0.0,1940,1920
2.2,-1.9,7.7,0.0,1900,1940
1.7,-3.2,8.0,1.5,1900,1900
1.6,-4.4,8.8,1.2,1900,1900
3.9,-0.2,6.4,9.2,1860,1900
9.1,5.2,13.7,40.0,1860,1860
5.4,3.1,11.3,4.7,1760,1860
2.1,-0.9,5.5,0.2,1760,1760
1.2,-3.3,7.6,0.0,1740,1760
2.0,-2.1,7.1,0.1,1740,1740
1.9,-0.5,5.2,1.1,1740,1740
0.6,-2.5,4.2,0.2,1680,1740
-0.2,-3.6,4.6,3.7,1620,1680
-0.7,-4.8,4.4,0.2,1620,1620
-0.1,-4.5,5.8,0.0,1620,1620
1.0,-3.0,6.9,2.3,1580,1620
1.5,-2.9,7.4,2.7,1580,1580
2.3,-2.1,7.1,0.2,1580,1580
2.7,-1.2,7.1,0.0,1460,1580
0.9,-4.5,7.2,1.4,1600,1460
3.4,0.3,6.1,7.9,1600,1600
5.5,2.2,10.3,2.8,1580,1600
4.6,0.1,10.6,7.2,1580,1580
5.2,1.8,9.4,1.5,1580,1580
6.1,1.2,10.6,2.0,1580,1580
5.9,4.2,8.0,17.2,1580,1580
6.6,3.4,10.3,2.0,1450,1580
5.6,2.7,9.5,1.4,1520,1450
4.5,1.2,8.9,1.4,1520,1520
3.2,-0.4,7.9,0.2,1460,1520
2.7,-2.2,8.1,0.1,1460,1460
2.5,-2.0,8.1,0.1,1460,1460
1.6,-2.4,6.1,0.1,1420,1460
0.5,-5.5,6.6,0.6,1520,1420
-3.1,-6.7,1.5,0.9,1500,1520
-3.6,-9.3,2.3,0.8,1480,1500
0.1,-5.8,5.6,0.0,1380,1480
1.7,-2.1,6.0,1.1,1380,1380
0.6,-5.2,6.4,0.4,1380,1380
4.1,-1.6,11.1,0.0,1340,1380
5.7,-2.7,13.5,0.4,1400,1340
7.9,5.3,10.5,13.5,1340,1400
8.3,3.9,12.8,0.3,1300,1340
8.2,3.4,15.9,0.0,1120,1300
9.6,3.6,16.1,1.7,1120,1120
2.1,-1.8,8.4,6.5,1120,1120
-2.7,-4.7,-0.2,3.0,1160,1120
-1.2,-6.1,4.2,1.0,1280,1160
2.4,-4.0,9.4,0.0,1380,1280
5.0,-0.8,12.4,0.0,1460,1380
7.1,-0.3,14.0,1.9,1450,1460
6.5,2.2,10.2,1.6,1450,1450
3.6,-1.6,9.7,0.0,1450,1450
7.3,-1.2,14.8,0.4,1425,1450
7.9,5.9,10.5,25.5,1375,1425
7.1,3.2,11.9,2.4,1375,1375
5.3,1.2,10.3,0.4,1325,1375
4.6,1.8,6.8,2.7,1225,1325
6.8,3.0,12.0,2.7,1225,1225
6.9,2.1,12.0,0.3,1225,1225
5.3,1.8,9.8,0.4,1025,1225
6.1,0.2,12.2,0.2,1025,1025
4.3,0.4,8.6,0.1,1025,1025
2.4,-2.2,8.3,0.3,1050,1025
3.9,-3.8,11.9,0.0,1050,1050
5.4,0.8,10.5,3.8,1050,1050
7.6,0.6,16.0,0.0,1050,1050
8.7,1.8,14.7,5.5,960,1050
7.4,4.5,10.0,9.3,1060,960
4.9,0.5,9.7,4.0,1140,1060
6.7,-1.5,14.7,0.0,1140,1140
7.2,1.7,13.1,0.1,1100,1140
5.1,-0.7,10.2,0.5,1100,1100
5.4,0.6,11.3,0.8,1100,1100
4.4,-1.7,10.4,3.1,1160,1100
7.6,0.9,14.0,0.5,1080,1160
9.8,1.8,17.8,0.0,1080,1080
9.6,4.5,15.8,0.4,1020,1080
9.4,2.8,15.5,0.0,1040,1020
13.2,4.8,20.8,1.5,1040,1040
12.2,6.4,18.6,0.3,1040,1040
9.7,2.4,17.1,0.0,1060,1040
9.4,2.1,17.2,0.0,1060,1060
11.7,2.8,19.5,0.1,1060,1060
13.2,7.9,18.0,10.5,1100,1060
11.4,6.6,16.4,5.4,1060,1100
7.2,3.5,11.1,2.2,1060,1060
7.7,0.5,14.4,0.4,1060,1060
10.0,4.3,16.9,0.0,1080,1060
11.0,3.0,18.8,0.3,1040,1080
10.6,5.6,17.3,1.2,1040,1040
9.4,2.3,16.7,0.0,1040,1040
10.6,3.2,18.0,0.0,1040,1040
9.0,3.1,16.4,0.0,1040,1040
7.1,0.4,14.2,0.0,1040,1040
9.0,0.1,16.8,0.0,1040,1040
11.7,4.4,18.8,2.5,1140,1040
9.8,4.2,15.9,3.2,1180,1140
8.9,1.8,15.6,0.0,1180,1180
9.6,5.1,14.4,0.0,1160,1180
8.8,4.4,13.6,5.5,1160,1160
8.1,3.6,13.3,4.6,1160,1160
9.2,3.7,15.7,0.1,1160,1160
11.9,2.2,20.9,0.0,1220,1160
12.1,4.6,20.2,0.0,1220,1220
13.0,5.3,20.0,0.1,1300,1220
11.6,8.8,15.4,14.3,1300,1300
12.2,7.8,18.0,0.9,1300,1300
10.7,7.9,14.3,19.3,1300,1300
11.4,7.9,16.4,0.6,1320,1300
9.2,5.2,14.1,0.1,1360,1320
7.5,4.0,11.8,0.0,1380,1360
8.6,3.2,14.3,0.4,1550,1380
10.2,2.8,16.2,0.5,1580,1550
13.9,6.1,20.9,0.5,1580,1580
11.9,5.9,18.2,1.4,1580,1580
11.4,4.6,18.0,0.7,1420,1580
12.9,4.3,20.4,0.0,1440,1420
14.8,7.1,22.7,0.0,1440,1440
16.9,7.3,24.2,0.0,1440,1440
20.7,15.0,27.0,0.1,1440,1440
20.3,16.6,24.9,1.5,1440,1440
18.2,15.6,21.6,15.7,1440,1440
18.9,13.5,26.0,0.2,1440,1440
15.5,11.8,20.1,1.7,1440,1440
17.7,11.4,25.4,0.0,1660,1440
16.9,10.2,23.5,0.0,1640,1660
17.1,9.5,23.6,3.9,1620,1640
15.8,13.5,18.3,35.3,1620,1620
15.7,12.9,19.6,0.7,1620,1620
18.1,12.3,24.5,0.7,1500,1620
16.4,11.8,21.8,0.7,1420,1500
16.2,8.9,22.9,0.0,1560,1420
18.5,10.5,25.7,0.0,1640,1560
16.1,14.4,19.0,18.3,1700,1640
17.4,14.5,21.9,0.8,1700,1700
19.1,15.0,24.9,4.2,1700,1700
17.9,14.0,23.0,17.1,1620,1700
13.6,10.6,17.3,8.2,1720,1620
13.8,8.9,19.4,2.8,1760,1720
15.5,9.7,21.2,0.3,1760,1760
16.8,12.3,22.2,0.9,1780,1760
18.2,12.5,24.2,1.8,1780,1780
18.4,13.9,23.6,4.4,1780,1780
17.7,13.9,22.4,0.1,1760,1780
18.1,14.1,24.1,0.9,1780,1760
18.3,13.2,24.5,0.1,1760,1780
18.1,11.8,24.7,0.1,1760,1760
19.2,12.6,26.1,0.1,1740,1760
20.1,13.9,26.5,0.5,1740,1740
19.9,14.5,25.2,4.0,1740,1740
20.6,15.6,25.8,0.4,1780,1740
19.3,13.0,25.2,1.1,1780,1780
21.7,16.9,27.1,0.7,1800,1780
23.6,18.7,29.5,0.2,1800,1800
22.8,18.2,29.0,0.1,1700,1800
21.7,17.4,27.7,5.8,1700,1700
21.8,16.9,28.0,0.2,1700,1700
23.8,16.8,31.1,0.0,1680,1700
25.3,17.9,32.6,0.0,1680,1680
24.7,19.6,31.6,11.6,1700,1680
24.3,20.6,29.8,9.3,1720,1700
23.2,20.1,27.6,13.1,1740,1720
23.8,20.0,28.6,26.7,1740,1740
23.7,20.6,27.7,18.5,1740,1740
23.0,17.9,28.6,0.2,2260,1740
22.8,17.5,28.8,0.0,2120,2260
21.9,17.0,27.0,3.9,1920,2120
19.6,17.5,22.2,30.3,1880,1920
21.7,17.7,27.1,1.5,1932,1880
22.2,18.0,27.5,0.7,1932,1932
22.9,18.1,28.9,1.5,1932,1932
23.9,17.4,31.0,0.0,1864,1932
24.2,18.4,30.2,0.4,1864,1864
21.8,19.9,24.5,23.4,1932,1864
21.5,19.7,23.7,5.8,1966,1932
22.7,19.3,27.4,0.6,1972,1966
23.3,19.1,28.9,0.9,1972,1972
23.5,19.0,29.1,1.8,1972,1972
21.5,18.6,25.3,40.3,1806,1972
20.6,18.4,23.5,25.3,1846,1806
20.6,17.4,25.2,1.9,1826,1846
22.2,17.1,27.6,1.2,1886,1826
20.9,18.2,24.0,6.9,1886,1886
20.8,17.9,25.0,0.7,1886,1886
22.1,18.3,26.8,0.4,1886,1886
22.8,19.1,27.0,9.2,1806,1886
23.7,20.6,28.2,6.7,1826,1806
23.7,19.6,29.1,0.2,1826,1826
24.0,19.8,29.0,2.0,1792,1826
23.5,21.2,27.3,34.2,1792,1792
23.7,20.8,27.8,2.8,1792,1792
21.0,18.7,23.3,30.0,1792,1792
19.5,18.2,21.2,79.4,2112,1792
19.5,18.0,21.7,9.1,2112,2112
20.0,17.8,23.3,3.5,2092,2112
21.9,17.6,27.3,1.6,2072,2092
22.7,18.1,28.5,2.9,1952,2072
22.6,18.7,26.8,2.2,1952,1952
23.8,20.2,26.9,6.4,1952,1952
24.9,22.3,28.4,8.2,1982,1952
24.6,21.4,29.2,6.8,1982,1982
22.7,21.2,25.0,30.2,1822,1982
21.7,20.2,23.6,65.7,1822,1822
21.2,19.4,23.5,21.5,1902,1822
22.2,20.1,25.5,8.9,1902,1902
23.0,20.1,27.4,2.3,1902,1902
22.6,20.7,25.4,14.5,2074,1902
23.5,21.4,26.2,14.9,2162,2074
23.8,22.3,26.1,32.9,2112,2162
24.2,22.2,27.8,31.2,2144,2112
25.8,22.2,30.4,5.9,2612,2144
25.8,23.2,29.8,15.4,2612,2612
26.3,23.8,29.7,34.6,2612,2612
26.2,24.0,29.1,40.5,2642,2612
26.9,23.8,31.1,24.1,2714,2642
26.4,24.2,29.3,19.0,2782,2714
25.4,23.5,27.9,28.3,2742,2782
24.0,22.4,26.1,39.8,3142,2742
24.0,22.5,25.8,72.0,3142,3142
26.0,23.4,29.4,24.3,3142,3142
25.7,23.8,28.8,32.9,3528,3142
25.7,23.7,28.9,27.9,3738,3528
26.9,24.1,30.7,6.9,4138,3738
27.9,24.8,31.8,0.1,3544,4138
28.2,25.5,31.7,2.1,3344,3544
27.7,24.8,31.6,22.1,3344,3344
27.6,23.9,32.3,0.2,3344,3344
27.6,23.8,32.6,0.1,3344,3344
27.4,23.4,32.9,0.0,3292,3344
27.4,22.7,33.2,0.0,3052,3292
27.0,22.6,33.0,5.0,2852,3052
26.0,22.5,30.8,6.1,2818,2852
25.4,22.8,29.4,10.8,2818,2818
25.6,22.0,30.7,3.1,2818,2818
26.6,21.9,31.9,0.3,2932,2818
28.1,23.3,33.4,2.7,2784,2932
27.6,24.4,31.6,23.3,2878,2784
27.2,24.8,30.6,11.1,2902,2878
27.0,24.5,31.4,14.1,3104,2902
26.6,24.2,30.8,13.7,3104,3104
26.6,23.8,31.4,11.5,3104,3104
25.6,23.0,29.3,4.2,2684,3104
25.4,21.9,29.5,1.0,2484,2684
24.5,23.0,26.5,56.4,2352,2484
23.7,20.3,27.3,44.4,2662,2352
22.6,17.9,28.2,1.5,3884,2662
20.4,17.7,24.0,7.4,3884,3884
20.1,17.8,22.8,14.7,3884,3884
20.7,17.9,23.4,64.0,3764,3884
23.4,19.7,27.6,1.0,3692,3764
21.7,18.6,26.3,10.0,3592,3692
22.1,18.6,27.1,2.2,3232,3592
20.9,18.5,24.5,7.5,3336,3232
20.0,17.9,23.1,9.5,3336,3336
20.1,17.4,24.4,4.6,3336,3336
20.9,16.9,26.3,0.7,3052,3336
21.7,17.4,27.1,0.1,2992,3052
21.2,19.4,24.3,5.0,3036,2992
20.4,17.9,23.5,4.6,3126,3036
19.3,15.3,24.2,1.7,3126,3126
18.9,13.5,25.4,2.5,3126,3126
18.2,12.7,24.9,0.0,3126,3126
17.2,11.5,23.7,0.0,3046,3126
17.7,13.6,23.2,0.1,2932,3046
18.1,13.8,22.6,1.3,2982,2932
19.3,15.7,24.2,1.8,3052,2982
19.2,14.7,24.5,9.0,3122,3052
18.6,14.6,24.1,3.4,3122,3122
18.4,13.6,24.3,0.9,3122,3122
17.5,12.4,24.4,0.0,3642,3122
17.5,11.9,24.3,0.0,3636,3642
18.1,13.5,24.1,9.4,3636,3636
18.3,13.9,23.9,0.3,3636,3636
19.3,14.7,24.6,0.8,3636,3636
19.5,16.7,24.2,2.9,3636,3636
18.2,14.0,22.3,0.6,3636,3636
14.1,8.9,19.5,0.0,3312,3636
13.9,8.3,20.3,0.0,3282,3312
15.8,10.2,21.7,0.0,3356,3282
16.5,11.9,22.0,0.0,3282,3356
16.7,11.6,22.1,0.0,3282,3282
16.4,11.7,21.9,0.0,3282,3282
16.0,11.2,21.4,0.0,3282,3282
16.3,12.0,22.5,0.1,3182,3282
13.6,9.1,19.5,4.8,2892,3182
13.0,7.7,19.7,0.5,2872,2892
12.4,7.1,19.2,7.5,2772,2872
11.8,7.2,16.6,1.7,2796,2772
12.6,7.1,19.7,0.3,2796,2796
12.6,6.3,20.4,0.0,2796,2796
13.1,7.1,21.1,0.0,2822,2796
13.3,7.0,21.9,0.0,2982,2822
13.2,9.1,17.7,11.0,2982,2982
13.6,9.9,18.5,3.7,2942,2982
10.4,6.7,15.3,0.2,3022,2942
9.7,4.3,15.4,0.0,3022,3022
11.9,5.4,19.5,0.0,3022,3022
11.8,5.4,19.9,0.0,2926,3022
12.6,6.1,20.6,0.0,2902,2926
13.7,8.8,20.0,0.0,2992,2902
10.5,4.2,17.7,0.0,2992,2992
10.7,4.3,18.4,0.1,3052,2992
11.6,5.2,18.5,0.0,3052,3052
12.5,9.7,14.8,3.1,3052,3052
11.4,5.6,17.0,1.4,3032,3052
7.0,2.8,11.0,0.5,2992,3032
5.6,0.2,12.2,0.0,2986,2992
8.7,0.3,16.3,0.0,2986,2986
12.5,8.7,16.6,0.1,2936,2986
13.9,8.8,20.3,0.0,2936,2936
10.1,4.8,16.2,0.0,2936,2936
6.9,1.1,12.3,0.0,2942,2936
7.6,2.0,14.1,0.0,2962,2942
7.8,1.2,16.2,0.0,2862,2962
9.2,2.0,18.2,0.0,2962,2862
10.2,3.5,18.5,0.0,3012,2962
10.6,4.5,18.6,0.0,3012,3012
11.0,5.2,18.6,0.0,3012,3012
11.9,5.7,19.2,0.3,3086,3012
14.9,9.8,20.0,1.5,3176,3086
17.7,13.8,21.2,2.8,3036,3176
16.9,11.2,21.8,29.0,3054,3036
7.6,4.2,11.5,0.2,3044,3054
7.6,0.9,13.2,0.2,3044,3044
8.4,5.6,10.7,2.4,3044,3044
4.6,1.1,9.0,4.5,3134,3044
5.0,0.9,10.7,0.0,3012,3134
5.8,0.8,12.0,0.0,2932,3012
6.9,2.7,12.3,0.8,2932,2932
6.3,2.8,10.3,2.7,2832,2932
3.0,0.6,6.3,3.9,2832,2832
2.7,-0.9,6.7,0.2,2832,2832
2.2,-1.9,7.5,0.1,2702,2832
2.0,-3.3,8.5,0.0,2612,2702
3.5,-0.8,9.2,0.2,2572,2612
2.7,-1.2,7.7,0.5,2682,2572
1.2,-3.5,6.8,1.1,2682,2682
2.3,-2.9,8.4,0.3,2682,2682
3.6,-1.5,9.9,0.1,2682,2682
4.1,-0.9,9.5,0.0,2672,2682
1.2,-2.8,6.3,0.8,2552,2672
1.6,-4.9,8.5,0.0,2552,2552
5.1,1.4,10.4,0.3,2312,2552
5.6,1.1,10.8,0.0,2312,2312
4.3,-0.5,8.8,0.0,2312,2312
1.6,-3.0,7.5,2.1,2312,2312
-4.0,-7.0,-0.9,2.4,2186,2312
-5.2,-9.0,-1.0,1.1,2242,2186
-4.9,-8.8,-0.5,0.7,2232,2242
-3.3,-9.0,2.6,0.2,2382,2232
0.1,-4.8,5.4,0.3,2342,2382
-2.5,-6.6,1.9,0.0,2342,2342
-1.8,-6.7,3.9,0.4,2342,2342
-0.4,-6.1,5.9,0.2,2352,2342
1.3,-3.9,7.5,0.1,2192,2352
3.1,-2.9,9.0,0.0,2152,2192
4.4,0.0,9.4,0.0,2222,2152
0.7,-3.5,5.2,0.3,2222,2222
1.7,-3.8,8.4,0.0,2222,2222
3.8,-0.3,8.4,5.5,2222,2222
4.6,0.0,12.1,0.3,2242,2222
2.5,-1.8,9.0,1.9,2302,2242
-6.2,-9.1,-0.7,2.2,2632,2302
-5.7,-11.0,-0.8,0.9,2652,2632
-2.7,-8.4,2.1,0.4,2652,2652
-2.2,-6.2,1.9,0.4,2652,2652
-2.7,-6.8,1.6,0.1,2652,2652
-1.4,-7.3,4.5,0.4,2822,2652
-1.7,-6.6,2.4,0.2,2992,2822
-4.8,-9.9,-0.2,1.3,3042,2992
-10.0,-13.9,-3.3,1.8,3386,3042
-11.5,-15.8,-6.7,1.9,3206,3386
-9.5,-15.0,-3.8,2.3,3206,3206
-6.4,-13.0,-0.2,0.8,3206,3206
-4.9,-9.0,-0.9,2.0,3206,3206
-2.4,-8.6,3.1,0.9,3346,3206
3.4,-3.7,10.0,0.0,3346,3346
3.4,-2.4,10.6,0.0,3516,3346
6.4,-0.8,13.5,0.2,3616,3516
-0.2,-4.1,4.8,4.5,3616,3616
-3.2,-7.3,0.8,0.4,3616,3616
-1.4,-6.0,3.9,1.8,3912,3616
-4.4,-9.8,1.6,0.4,3792,3912
-0.2,-8.2,8.7,0.0,3832,3792
5.1,-1.1,10.5,4.0,3792,3832
7.1,4.9,10.1,1.8,3702,3792
7.7,5.3,10.6,5.8,3702,3702
6.7,2.6,11.8,0.3,3702,3702
6.2,1.4,12.9,0.1,3902,3702
5.2,2.7,7.6,6.3,3892,3902
3.5,-0.4,8.7,0.0,4122,3892
-0.3,-5.7,6.9,1.3,4202,4122
-5.1,-8.4,-0.8,0.5,4532,4202
0.0,-7.7,7.4,0.2,4532,4532
3.7,-4.5,11.1,1.5,4532,4532
7.0,2.6,11.0,10.3,4432,4532
-1.7,-4.6,4.0,0.1,4462,4432
-1.4,-7.1,3.7,1.4,4582,4462
0.2,-4.1,4.7,1.0,4952,4582
1.7,-4.9,7.7,1.2,5292,4952
5.5,-0.9,11.8,0.0,5292,5292
5.8,0.5,11.6,2.1,5292,5292
-0.5,-3.5,3.4,13.3,5032,5292
0.1,-5.6,6.4,0.8,4872,5032
2.8,-3.7,9.6,0.0,5092,4872
4.7,-1.0,11.3,0.0,5092,5092
6.2,0.3,15.0,0.0,5092,5092
6.8,-0.8,16.7,0.0,5092,5092
8.4,2.7,14.6,2.6,5092,5092
3.7,-1.9,8.9,0.6,5142,5092
-1.5,-5.3,3.4,1.2,5092,5142
-5.6,-7.5,-2.8,1.8,4992,5092
-4.0,-8.3,0.3,0.8,5472,4992
2.8,-5.9,10.1,0.0,5572,5472
9.7,3.3,16.6,0.0,5572,5572
12.3,3.6,20.9,0.0,5572,5572
10.1,3.3,17.9,0.0,5612,5572
3.0,-1.5,8.5,3.3,6092,5612
3.4,-2.1,10.2,0.0,5892,6092
4.3,-0.4,8.5,6.7,5712,5892
7.5,2.2,13.3,2.2,5712,5712
7.1,2.8,11.5,1.7,5712,5712
7.5,1.4,12.6,0.4,5712,5712
8.1,3.2,13.1,48.0,5712,5712
2.7,-0.6,6.4,3.5,5792,5712
3.5,-2.5,9.6,0.0,5792,5792
6.0,1.4,10.5,7.8,5792,5792
8.8,2.9,16.8,0.5,5892,5792
6.1,2.9,11.5,2.4,5892,5892
5.8,2.7,10.4,0.2,5892,5892
6.1,0.4,13.2,0.1,5812,5892
7.3,1.8,13.7,0.0,5372,5812
8.0,1.2,15.7,0.0,5432,5372
9.4,1.6,17.2,4.1,5012,5432
8.5,6.6,10.9,12.9,5052,5012
8.4,3.1,14.6,0.0,5052,5052
8.4,2.8,14.9,0.0,5052,5052
10.6,2.5,17.2,0.6,4412,5052
11.1,4.9,16.9,2.3,4472,4412
8.4,1.3,16.5,0.0,4432,4472
9.9,3.1,17.1,0.0,4332,4432
11.7,7.5,17.1,2.9,4432,4332
9.0,6.9,11.3,6.6,4432,4432
7.0,4.2,10.8,0.1,4432,4432
6.7,1.9,11.8,0.9,5012,4432
9.3,1.4,16.8,0.0,4892,5012
10.3,3.5,17.1,0.0,4892,4892
11.8,4.5,19.7,0.0,4732,4892
12.5,4.3,21.3,0.0,4432,4732
12.2,7.1,16.1,28.0,4432,4432
12.0,9.2,15.8,5.4,4432,4432
12.4,8.2,17.3,0.2,4452,4432
11.6,5.3,19.3,0.0,4392,4452
12.5,3.6,21.4,0.0,4292,4392
14.0,7.2,19.8,5.4,4352,4292
16.0,11.3,21.1,1.0,4032,4352
14.3,11.7,17.3,30.4,4032,4032
10.2,7.2,13.8,9.3,4032,4032
9.9,3.7,16.7,2.1,4266,4032
11.8,4.5,19.2,0.0,4266,4266
13.3,6.0,20.6,0.0,4226,4266
12.0,6.2,18.4,0.5,4366,4226
10.4,4.0,16.8,2.0,4306,4366
10.6,3.9,17.6,0.0,4306,4306
13.0,4.5,20.8,0.0,4306,4306
12.7,10.1,16.0,23.0,4712,4306
11.8,6.4,16.6,3.5,4352,4712
9.1,3.8,15.2,8.5,4532,4352
10.2,2.7,17.7,0.0,4612,4532
11.9,5.8,17.5,0.3,4452,4612
10.6,5.9,16.5,0.4,4452,4452
10.5,5.4,16.1,8.5,4452,4452
13.1,4.3,21.0,0.0,4492,4452
15.1,6.6,24.0,0.0,4152,4492
17.1,8.4,26.0,0.0,4192,4152
18.7,13.0,25.3,0.0,4000,4192
17.4,14.1,21.5,0.0,4272,4000
16.2,11.1,22.5,0.6,4272,4272
15.0,8.8,21.4,0.1,4272,4272
13.7,7.3,20.2,0.0,3892,4272
14.7,8.8,20.0,0.8,3820,3892
16.0,11.4,21.3,0.6,3592,3820
14.9,10.6,20.4,1.8,3592,3592
13.3,9.5,17.7,7.6,3532,3592
10.4,8.3,13.7,9.4,3532,3532
12.0,7.2,18.0,2.3,3532,3532
14.0,6.2,21.3,0.0,3812,3532
15.7,11.0,19.6,19.8,3600,3812
